-- MySQL dump 10.13  Distrib 8.0.26, for Linux (x86_64)
--
-- Host: localhost    Database: library
-- ------------------------------------------------------
-- Server version	8.0.26-0ubuntu0.20.04.3

/*!40101 SET @OLD_CHARACTER_SET_CLIENT=@@CHARACTER_SET_CLIENT */;
/*!40101 SET @OLD_CHARACTER_SET_RESULTS=@@CHARACTER_SET_RESULTS */;
/*!40101 SET @OLD_COLLATION_CONNECTION=@@COLLATION_CONNECTION */;
/*!50503 SET NAMES utf8mb4 */;
/*!40103 SET @OLD_TIME_ZONE=@@TIME_ZONE */;
/*!40103 SET TIME_ZONE='+00:00' */;
/*!40014 SET @OLD_UNIQUE_CHECKS=@@UNIQUE_CHECKS, UNIQUE_CHECKS=0 */;
/*!40014 SET @OLD_FOREIGN_KEY_CHECKS=@@FOREIGN_KEY_CHECKS, FOREIGN_KEY_CHECKS=0 */;
/*!40101 SET @OLD_SQL_MODE=@@SQL_MODE, SQL_MODE='NO_AUTO_VALUE_ON_ZERO' */;
/*!40111 SET @OLD_SQL_NOTES=@@SQL_NOTES, SQL_NOTES=0 */;

--
-- Table structure for table `companys`
--

DROP TABLE IF EXISTS `companys`;
/*!40101 SET @saved_cs_client     = @@character_set_client */;
/*!50503 SET character_set_client = utf8mb4 */;
CREATE TABLE `companys` (
  `companyId` int NOT NULL AUTO_INCREMENT,
  `companyName` varchar(90) DEFAULT NULL,
  PRIMARY KEY (`companyId`)
) ENGINE=InnoDB AUTO_INCREMENT=92 DEFAULT CHARSET=utf8mb4 COLLATE=utf8mb4_0900_ai_ci;
/*!40101 SET character_set_client = @saved_cs_client */;

--
-- Dumping data for table `companys`
--

LOCK TABLES `companys` WRITE;
/*!40000 ALTER TABLE `companys` DISABLE KEYS */;
INSERT INTO `companys` VALUES (1,'21 Naturals'),(2,'21Sextury'),(3,'Babes'),(4,'Bang'),(5,'Bellesa Films'),(6,'Brazzers'),(7,'Club Kayden'),(8,'Cum Louder'),(9,'Deeper'),(10,'Devile Films'),(11,'Digital Playground'),(12,'Erotica X'),(13,'Evil Angel'),(16,'Family Hookups'),(17,'Family Sinners'),(18,'Freexcafe'),(19,'Hands On Hardcore'),(20,'HardX'),(21,'Harmony Vision'),(22,'Hustler'),(23,'Jules Jordan'),(24,'Legal Porno'),(25,'Lets Do It'),(27,'Life Selector'),(28,'MetArt'),(29,'MomPOV'),(30,'Mylf Labs'),(31,'Naughty America'),(32,'New Sensations'),(33,'Nubile Films'),(34,'Penthouse'),(35,'Perfect Gonzo'),(36,'Porn Dude Casting'),(37,'Porn Fidelity'),(38,'Private'),(39,'Property Sex'),(40,'Pure Mature'),(41,'Raw Attack'),(42,'Reality Junkies'),(43,'She Will Cheat'),(44,'Sweet Sinner'),(45,'Teen Fidelity'),(46,'Tushy'),(47,'Un'),(48,'Vixen'),(49,'Tonights Girlfriend'),(50,'Adult Time'),(51,'Karups'),(52,'X-Art'),(53,'Colmax'),(54,'Analized'),(55,'Frolice Me'),(57,'PUP'),(58,'clideo'),(59,'Perv City'),(60,'Mommys Girl'),(61,'Porn Hub'),(62,'3rd Movies'),(63,'24 Video'),(64,'Jays Pov'),(65,'Teen Mega World'),(66,'Joymii'),(67,'Bratty Sis'),(68,'Anilos'),(69,'My Gf'),(70,'Pure Taboo'),(71,'First Class POV'),(72,'Lisa Ann'),(73,'Pretty Dirty'),(74,'Deviant Hardcore'),(75,'The Nude'),(76,'Jesh By Jesh'),(77,'Mofos'),(78,'Doghouse'),(79,'Sinful RAW'),(80,'Her Limit'),(81,'5K Porn'),(82,'Deeplush'),(83,'POV Dreams'),(84,'MamacitaZ'),(85,'Throated'),(86,'Hight Shift'),(87,'She Seduced Me'),(88,'Sinful XXX'),(89,'Sis Loves Me'),(90,'DDF'),(91,'Kelly Madison');
/*!40000 ALTER TABLE `companys` ENABLE KEYS */;
UNLOCK TABLES;

--
-- Table structure for table `companyslinks`
--

DROP TABLE IF EXISTS `companyslinks`;
/*!40101 SET @saved_cs_client     = @@character_set_client */;
/*!50503 SET character_set_client = utf8mb4 */;
CREATE TABLE `companyslinks` (
  `videoId` int NOT NULL,
  `companyId` int NOT NULL,
  KEY `company_idx` (`companyId`),
  KEY `vid_idx` (`videoId`),
  CONSTRAINT `company` FOREIGN KEY (`companyId`) REFERENCES `companys` (`companyId`) ON DELETE RESTRICT,
  CONSTRAINT `vid` FOREIGN KEY (`videoId`) REFERENCES `videos` (`videoId`) ON DELETE RESTRICT
) ENGINE=InnoDB DEFAULT CHARSET=utf8mb4 COLLATE=utf8mb4_0900_ai_ci;
/*!40101 SET character_set_client = @saved_cs_client */;

--
-- Dumping data for table `companyslinks`
--

LOCK TABLES `companyslinks` WRITE;
/*!40000 ALTER TABLE `companyslinks` DISABLE KEYS */;
INSERT INTO `companyslinks` VALUES (376,1),(245,2),(301,3),(302,3),(257,3),(192,3),(402,3),(246,3),(291,4),(201,5),(394,6),(228,6),(303,6),(304,6),(355,6),(354,6),(349,6),(348,6),(347,6),(346,6),(345,6),(181,6),(341,7),(340,7),(339,7),(338,7),(337,7),(229,8),(305,9),(342,9),(182,9),(330,10),(306,11),(343,11),(344,11),(310,11),(311,11),(312,11),(313,11),(314,11),(237,11),(413,12),(292,13),(321,16),(414,16),(383,17),(212,17),(184,17),(202,17),(430,18),(185,18),(309,19),(405,19),(206,19),(361,20),(247,21),(193,22),(293,23),(294,23),(378,24),(377,24),(421,25),(431,27),(403,27),(356,27),(395,28),(194,28),(384,29),(331,30),(386,31),(332,31),(373,31),(385,31),(322,31),(323,31),(411,31),(295,32),(397,33),(396,33),(258,33),(281,33),(415,33),(357,33),(217,33),(366,34),(365,34),(364,34),(195,35),(333,36),(196,37),(380,37),(379,37),(197,38),(282,38),(423,38),(422,38),(358,39),(359,40),(360,41),(350,42),(416,43),(283,44),(211,44),(213,45),(296,45),(297,45),(307,46),(424,46),(404,46),(398,90),(393,49),(392,50),(391,44),(390,4),(389,47),(388,22),(387,49),(400,51),(334,47),(335,90),(336,31),(375,23),(374,20),(324,47),(325,4),(214,32),(215,81),(216,52),(230,13),(231,47),(399,47),(329,44),(401,33),(328,44),(327,44),(326,62),(236,47),(235,40),(234,90),(233,4),(412,31),(232,47),(289,5),(298,61),(299,47),(300,47),(290,60),(264,37),(263,57),(262,20),(261,39),(308,47),(199,54),(198,53),(200,55),(288,59),(287,58),(286,16),(285,47),(284,32),(265,47),(382,8),(381,24),(372,83),(407,66),(370,34),(369,47),(368,47),(367,47),(363,64),(371,47),(408,90),(409,65),(425,55),(427,68),(428,68),(406,65),(426,47),(417,67),(420,47),(419,5),(418,47),(362,47),(353,63),(352,34),(351,62),(209,89),(219,73),(210,47),(188,87),(189,89),(190,44),(218,72),(203,70),(204,82),(205,32),(207,71),(208,91),(191,85),(250,79),(251,79),(252,80),(253,84),(254,34),(255,90),(256,88),(320,11),(248,34),(318,86),(317,23),(316,47),(315,47),(319,23),(220,76),(221,74),(222,74),(223,47),(224,43),(225,47),(226,75),(227,47),(249,78),(239,11),(240,11),(241,47),(242,77),(243,11),(244,11),(238,69),(410,48),(429,48),(183,13),(432,46);
/*!40000 ALTER TABLE `companyslinks` ENABLE KEYS */;
UNLOCK TABLES;

--
-- Table structure for table `stars`
--

DROP TABLE IF EXISTS `stars`;
/*!40101 SET @saved_cs_client     = @@character_set_client */;
/*!50503 SET character_set_client = utf8mb4 */;
CREATE TABLE `stars` (
  `starId` int NOT NULL AUTO_INCREMENT,
  `starName` varchar(45) DEFAULT NULL,
  `breast` int DEFAULT NULL,
  `waist` int DEFAULT NULL,
  `butts` int DEFAULT NULL,
  `photo1` varchar(255) DEFAULT NULL,
  `photo2` varchar(255) DEFAULT NULL,
  `photo3` varchar(255) DEFAULT NULL,
  PRIMARY KEY (`starId`)
) ENGINE=InnoDB AUTO_INCREMENT=45224 DEFAULT CHARSET=utf8mb4 COLLATE=utf8mb4_0900_ai_ci;
/*!40101 SET character_set_client = @saved_cs_client */;

--
-- Dumping data for table `stars`
--

LOCK TABLES `stars` WRITE;
/*!40000 ALTER TABLE `stars` DISABLE KEYS */;
INSERT INTO `stars` VALUES (45112,'Aidra Fox',31,24,33,'https://www.babepedia.com/pics/Aidra%20Fox2.jpg','https://www.babepedia.com/galleries/DDG-AidraFoxStripsDownInHerBed/0012.jpg','https://img2.hotnessrater.com/2929713/aidra-fox-nude.jpg?w=4000&h=6000'),(45113,'Alexa Tomas',31,23,33,'https://www.babepedia.com/galleries/FittingRoom-SpicyGirlAlexaThomasUsingTwoSexToysToPleasureHerself/0002-01.jpg','https://cdnxw1.youx.xxx/content/2/411/2411307_430e946.jpg','https://cdnxw1.youx.xxx/content/2/411/2411309_2afb060.jpg'),(45114,'Alexis Crystel',34,24,35,'https://www.babepedia.com/galleries/SexArt-2019-09-15-MELLOW_YELLOW-Alexis_Crystal/01.jpg','https://www.babepedia.com/galleries/FittingRoom-AlexisCrystalExhibitsHerCurvyFigureAndPutsOnTheVibrator/09.jpg','https://www.babepedia.com/galleries/SexArt-2019-09-15-MELLOW_YELLOW-Alexis_Crystal/08.jpg'),(45115,'Alina Lopez',32,24,32,'https://www.babepedia.com/galleries/MetArt-2020-07-09-SHOWERING-Alina_Lopez/01.jpg','https://www.babepedia.com/galleries/MetArt-2020-07-09-SHOWERING-Alina_Lopez/05.jpg','https://www.babepedia.com/galleries/MetArt-2020-07-09-SHOWERING-Alina_Lopez/16.jpg'),(45120,'Athena Faris',32,24,35,'https://www.babepedia.com/user-uploads/Athena%20Faris.jpg','https://s.bobtictic.com/contents/albums/sources/132000/132489/2033616.jpg','https://static-ca-cdn.eporner.com/gallery/sy/Pw/GufqUqbPwsy/608333-athena-farris-nude.jpg'),(45121,'Audrey Bitoni',33,22,33,'https://www.babepedia.com/galleries/Penthouse-AudreyBitoniInBlackAndWhiteLingerieOnBed/01.jpg','https://www.babepedia.com/user-uploads/Audrey%20Bitoni7.jpg','https://links24.me/images/extra_thumb/73/714.jpg'),(45122,'Ava Addams',34,26,39,'https://www.babepedia.com/user-uploads/Ava%20Addams3.jpg','https://www.babepedia.com/user-uploads/Ava%20Addams16.jpg','https://static-ca-cdn.eporner.com/gallery/pn/o8/TfmrB0Fo8pn/987060-ava-adams-nude.jpg'),(45123,'Avery Cristy',32,26,36,'https://pbs.twimg.com/media/E9q_Y53WQAUq0--.jpg','https://s1.milffox.com/t/ps/1/25/7417_normal.jpg','https://static-ca-cdn.eporner.com/gallery/AN/CG/HZdQwwYCGAN/869544-avery-cristy-nude.jpg'),(45125,'Becky Bandini',33,25,35,'https://www.babepedia.com/pics/Becky%20Bandini.jpg','https://termeco.info/pics/aHR0cDovL3Byb3h5LmR1Y2tkdWNrZ28uY29tL2l1Lz91PWh0dHBzOi8vd3d3LmZveGhxLmNvbS9iZWNreS1iYW5kaW5pLW51ZGUtZnR2LW1pbGZzLzYuanBnJmY9MQ==.jpg','https://www.babepedia.com/user-uploads/Becky%20Bandini9.jpg'),(45126,'Blaire Ivory',32,26,36,'https://pbs.twimg.com/media/D_ladmAVAAAZwuz.jpg','https://www.babepedia.com/galleries/HollyRandall-LenaAndersonStripOffSexyLingerieOnThePatio/lena-anderson-strips-everything-of-her-and-displays-her-marvelous-naked-body-06.jpg','https://www.babepedia.com/galleries/Penthouse-LenaAndersonStripsOffLacyLingerieAndPosesOnThePiano/0002-18.jpg'),(45127,'Brett Rossi',31,25,34,'https://www.babepedia.com/galleries/Twistys-BrettRossi-SweetTits/01.jpg','https://cdn.erocurves.com/wp-content/uploads/2019/04/20/0038.jpg','https://www.babepedia.com/galleries/Twistys-BrettRossi-SweetTits/05.jpg'),(45128,'Bridgette B',39,27,33,'https://www.babepedia.com/user-uploads/Bridgette%20B4.jpg','https://s6.sxypix.com/pixi/KbyVU2dr7UtTZ0VLtvZ4Kg/1634662800/n/f6a/a24/e1b/047/f6aa24e1b047cee43cb8ffcb3357ecbf.jpg','https://www.babepedia.com/user-uploads/Bridgette%20B14.jpg'),(45130,'Britney Beth',34,22,32,'https://www.babepedia.com/user-uploads/Britney%20Beth8.jpg','https://www.babepedia.com/galleries/DDG-bibi_jones_11289/0006.jpg','https://www.babepedia.com/user-uploads/Britney%20Beth3.jpg'),(45131,'Brooke Beretta',33,25,35,'https://www.porn-star.com/brooke-beretta/02.jpg','https://www.pandesiaworld.com/naughtyamerica-brooke-beretta-and-her-sexy-boobs-gallery/image_80/','https://www.mypornstarbook.net/pornstars/b/brooke_beretta/gallery14/images/15.jpg'),(45133,'Cassie Del Isla',34,24,34,'https://cdn.pichunter.com/366/6/3666757/3666757_2_o.jpg','https://sexhd.pics/gallery/ftvmilfs/cassie-del-isla/ssbbw-small-boobs-teacher-pantychery/cassie-del-isla-1.jpg','https://www.babepedia.com/user-uploads/Cassie%20Del%20Isla6.jpg'),(45135,'Charly Summer',34,24,34,'https://www.babepedia.com/pics/Charly%20Summer.jpg','https://k5x5n5g8.ssl.hwcdn.net/content/210249/0013-02_1200.jpg','https://sexhd.pics/gallery/adulttime/charly-summer/desiindianlounge-small-boobs-marco/charly-summer-10.jpg'),(45136,'Cherie Deville',34,24,37,'https://www.babepedia.com/user-uploads/Cherie%20DeVille4.jpg','http://jamesdeenblog.com/wp-content/uploads/2018/06/2018-05-18-11.12.44.jpg','https://www.babepedia.com/user-uploads/Cherie%20DeVille14.jpg'),(45137,'Cherry Kiss',34,24,35,'https://www.babepedia.com/pics/Cherry%20Kiss2.jpg','https://www.babepedia.com/user-uploads/Cherry%20Kiss15.jpg','https://www.babepedia.com/user-uploads/Cherry%20Kiss2.jpg'),(45138,'Christiana Cinn',32,24,34,'https://www.babepedia.com/galleries/Twistys-ChristinaCinn-MusicToMyEyes/01.jpg','http://virtualreality4porn.com/wp-content/uploads/2016/03/Christiana-Cinn-in-Bangin-Breakfast02.jpg','https://www.babepedia.com/user-uploads/Christiana%20Cinn.jpg'),(45139,'Christina Shine',33,24,35,'https://www.babepedia.com/pics/Christina%20Shine.jpg','https://vrxdb.com/wp-content/uploads/2020/08/Christina-Shine-768x1152.jpg','https://pornhd.vip/pics/ftvmilfs/christina-shine/3dxxxworld-blonde-vk-com/christina-shine-4.jpg'),(45140,'Dana Sofia',34,26,34,'https://imgcloud.pw/images/2021/07/08/aNqkfn.md.jpg','https://hdporn92.com/wp-content/uploads/2021/06/216724973_cover.jpg','https://sexmex.xxx/tour/content//contentthumbs/10/46/1046-set-2x.jpg'),(45142,'Dee Williams',33,27,35,'https://www.babepedia.com/user-uploads/Dee%20Williams5.jpg','https://thumb-p5.xhcdn.com/a/c6uRJsolUqW-_6YJUlzcOw/000/480/117/475_1000.jpg','https://static-ca-cdn.eporner.com/gallery/3A/RS/W24AOKBRS3A/689557-dee-williams-nude.jpg'),(45143,'Diana Grace',33,25,29,'https://www.babepedia.com/pics/Diana%20Grace2.jpg','https://pornhd.vip/pics/pornfidelity/diana-grace/badgina-small-boobs-barhnakat/diana-grace-2.jpg','https://www.mypornstarbook.net/pornstars/d/diana_grace/gallery02/images/05.jpg'),(45144,'Elena Koshka',34,24,34,'https://cdn.pichunter.com/367/4/3674489/3674489_4_o.jpg','https://www.babepedia.com/galleries/DDG-ElenaKoshkaTeasesInTheBrightSunlight/0010.jpg','https://static-ca-cdn.eporner.com/gallery/RX/WM/nHVFiFJWMRX/415756-elena-koshka-nude.jpg'),(45147,'Emily Willis',30,24,35,'https://www.babepedia.com/galleries/DDG-EmilyWillisTakingOffHerSexyWhiteLaceLingerie/0003.jpg','https://www.babepedia.com/galleries/DDG-EmilyWillisAndHerSmallPerkyTitsBeckonYou/0016.jpg','https://www.babepedia.com/user-uploads/Emily%20Willis2.jpg'),(45148,'Emma Hix',29,23,33,'https://www.babepedia.com/user-uploads/Emma%20Hix5.jpg','https://www.babepedia.com/user-uploads/Emma%20Hix3.jpg','https://www.babepedia.com/galleries/Playboy-StunningBabeEmmaHixStripsNudeOutsideOfHerTrailer/14.jpg'),(45149,'Emma Mae',34,25,35,'https://lh3.googleusercontent.com/proxy/SO0NbkwIiMgodmL9J0ktqJ7EiQv2ASmA7WYQtDr7aOVkQzw1hYTFQTH-kS6YUK6ttvvf-IELYObfiGblKLQ6TQt0qzaj1OesOh8AwRpMW1bfP_Z6QEK4YaW-cTvO','https://www.babepedia.com/user-uploads/Emma%20Mae3.jpg','http://cdn.pornpics.com/pics/2012-12-27/84467_16big.jpg'),(45150,'Eva Long',33,24,29,'https://sxypix.com/cdn/s5/FuxGVWi7npJcNgjb_UBjnQ/1634677200/n/0ab/145/19e/b1e/0ab14519eb1e0ed49e2e20370d38b3b7.jpg','https://sxypix.com/cdn/s5/JeUk_98H5YhXSOejUC34CA/1634677200/n/693/157/6eb/8d9/6931576eb8d93398562a60a409e66ab2.jpg','https://sxypix.com/cdn/s5/5pmv7yb6U43SokPm0Wlqdg/1634677200/n/14e/aaa/691/421/14eaaa6914219c8ceb375bb5fc373374.jpg'),(45153,'Freya Mayer',34,24,35,'https://www.babepedia.com/galleries/HollyRandall-FreyaMayerRemovesHerLingerieAndPlaysWithHerselfInTheBedroom/01.jpg','http://pinsexygirls.com/all_img/cc0e800f1e1b4dcc7718685bc9e11e5d.jpg','https://www.babepedia.com/galleries/HollyRandall-FreyaMayerRemovesHerLingerieAndPlaysWithHerselfInTheBedroom/11.jpg'),(45154,'Gabbie Carter',34,27,40,'https://www.pandesiaworld.com/wp-content/uploads/2019/09/Mighty-big-Boobs-of-Gabbie-Carter-naked-in-Bang-shoot-1.jpg','https://i.imgur.com/XyQjiBi.jpg','https://www.sexpin.net/wp-content/uploads/2020/06/Busty-Girl-Gabbie-Carter-amazing-nude-pics-11.jpg'),(45157,'Haley Spades',32,24,33,'https://s5.sxypix.com/pixi/5pueHeb-T1s5VrC5aahHEg/1634677200/n/bec/75b/29e/88d/bec75b29e88d0622af509c48ca3bf962.jpg','https://www.babepedia.com/user-uploads/Haley%20Spades2.jpg','https://sxypix.com/cdn/s5/MxtB6cXH-TMeqnBSED6vJQ/1634677200/n/f62/004/73f/8d4/f6200473f8d481830420a92498b9861c.jpg'),(45158,'Hayden Hawkins',34,26,34,'https://www.babepedia.com/pics/Hayden%20Hawkens.jpg','http://cdni.247bigboobs.com/1280/1/178/32811780/32811780_010_df66.jpg','https://www.babepedia.com/user-uploads/Hayden%20Hawkens3.jpg'),(45161,'Jenny Wild',32,24,36,'https://www.babepedia.com/pics/Jenny%20Wild.jpg','https://pic.r18hub.com/m-pornhd-vip/pics/thelifeerotic/jenny-wild/hotuni-shaved-xxxvideo/jenny-wild-8.jpg','https://www.babepedia.com/galleries/MetArt-2020-03-12-TABLE_SET-Jenny_Wild/08.jpg'),(45162,'Jessa Rhodes',34,26,36,'https://www.babepedia.com/pics/Jessa%20Rhodes.jpg','https://cdn3.nude-pics.org/jessa-rhodes-Ju3DQSijtE/jessa-rhodes.webp','https://www.babepedia.com/user-uploads/Jessa%20Rhodes3.jpg'),(45163,'Jesse Jane',34,23,34,'https://www.babepedia.com/pics/Jesse%20Jane.jpg','https://www.babepedia.com/user-uploads/Jesse%20Jane2.jpg','https://www.babepedia.com/user-uploads/Jesse%20Jane.jpg'),(45164,'Jessica Jaymes',32,22,33,'https://www.babepedia.com/pics/Jessica%20Jaymes.jpg','https://www.babepedia.com/user-uploads/Jessica%20Jaymes4.jpg','https://www.babepedia.com/user-uploads/Jessica%20Jaymes14.jpg'),(45166,'Joslyn James',34,27,39,'http://blog.scoreland.com/wp-content/uploads/2021/09/JoslynJames-700x1049.jpg','https://cdn.freeones.com/photo-26a/CS/Gf/2du5g96x5vLPVjw8t8/Joslyn-James-drops-hot-dress-to-ride-a-dick_003_big.jpg','http://pornchampion.com/images/big_images/2016/03/31/joslyn-james-nude-porn-picture-joslyn-james-nude-sex-images-98361.jpg'),(45167,'Julia Ann',36,24,38,'https://www.babepedia.com/user-uploads/Julia%20Ann9.jpg','https://www.babepedia.com/user-uploads/Julia%20Ann21.jpg','https://www.babepedia.com/user-uploads/Julia%20Ann112.jpg'),(45168,'Karma Rx',41,25,35,'https://i.pinimg.com/736x/2a/72/8b/2a728b628ba04a2f9e7a339eb2869e83.jpg','https://www.babepedia.com/user-uploads/Karma%20Rx4.jpg','https://s.tubtictic.com/contents/albums/sources/177000/177151/2487441.jpg'),(45169,'Kate Linn',34,25,36,'https://pics.jjgirls.com/pictures/ftvmilfs/kate-linn/brazilin-milf-neked/kate-linn-11.jpg','http://pinsexygirls.com/all_img/886e8256b083b8f66bf8572376a56441.jpg','https://files.sexyandfunny.com/img_orig/2/img586f0aec1c579.jpg'),(45170,'Katie Morgan',34,24,34,'https://www.babepedia.com/pics/Katie%20Morgan4.jpg','https://www.babepedia.com/galleries/Penthouse-HotBlondeKatieMorganStripsHerPinkLingerieByThePoll/0002-12.jpg','https://www.babepedia.com/user-uploads/Katie%20Morgan9.jpg'),(45171,'Kayden Kross',32,22,34,'https://www.babepedia.com/user-uploads/Kayden%20Kross8.jpg','https://www.babepedia.com/user-uploads/Kayden%20Kross12.jpg','https://www.babepedia.com/user-uploads/Kayden%20Kross2.jpg'),(45172,'Kendall Kayden',32,24,32,'https://cdn.r18hub.com/pornpicsi/1280/5/191/79362167/79362167_004_5ae2.jpg','https://pornpic.com/media/galleries/9/9/0/f/990f27e767ab297310128314958c044d64b01903-3.jpg','https://img7.hotnessrater.com/1600910/kendall-kayden-topless.jpg?w=4000&h=6000'),(45173,'Kenna James',34,28,34,'https://www.babepedia.com/user-uploads/Kenna%20James12.jpg','https://www.babepedia.com/galleries/DDG-KennaJamesStripsOnACouch/0012.jpg','https://www.babepedia.com/galleries/DDG-KennaJamesStripsOnACouch/0005.jpg'),(45176,'Kortney Kane',32,24,34,'https://www.babepedia.com/galleries/Twistys-KortneyKane-MirrorMirror/01.jpg','https://www.babepedia.com/user-uploads/Kortney%20Kane7.jpg','http://www.clubkortneykane.com/wp-content/uploads/2013/03/0090.jpg'),(45177,'LaSirena69',36,24,36,'https://external-preview.redd.it/C8bomtqQjOK80OAZE8yeg6VJDZwkreBT3TWlsj4rGDY.jpg?auto=webp&s=71b95380278b4b78c889ec9e53eef619e240ca49','https://porncorporation.com/wp-content/uploads/2021/02/lasirena69_penthouse_pet_of_the_month_february_2021_big_boob_brunette_babe_black_lingerie_nude_pictorial-14.jpg','https://www.babepedia.com/user-uploads/LaSirena697.jpg'),(45178,'Lana Rhoades',35,23,37,'https://www.babepedia.com/user-uploads/Lana%20Rhoades6.jpg','https://www.babepedia.com/user-uploads/Lana%20Rhoades7.jpg','https://www.babepedia.com/user-uploads/Lana%20Rhoades11.jpg'),(45179,'Lela Star',36,25,34,'https://www.babepedia.com/galleries/GlamourModelsGoneBad-LelaStarTakingOffBlackBikiniInPool/001.jpg','https://www.babepedia.com/galleries/Twistys-LelaStarToplessOnHerBalcony/015.jpg','https://www.babepedia.com/user-uploads/Lela%20Star11.jpg'),(45181,'Lolly Small',32,24,32,'https://www.babepedia.com/pics/Lolly%20Small3.jpg','https://babe.today/pics/classnudes/lolly-small/uniquesexygirls-legs-big-boobyxvideo/lolly-small-5.jpg','https://www.babepedia.com/user-uploads/Lolly%20Small3.jpg'),(45182,'Lucia Fernandez',36,24,36,'https://www.babepedia.com/pics/Lucia%20Fernandez.jpg','http://www.xxxwetstory.com/image/699264.jpg','https://sxypix.com/cdn/s4/zPB7taJRLxB1zxbR-z1VIA/1634670000/n/fb2/a59/7ab/7cb/fb2a597ab7cb60e9ffb12c442c2cf4a7.jpg'),(45183,'Lucy Heart',34,27,37,'https://cdn.pichunter.com/345/3/3453269/3453269_2_o.jpg','https://www.babepedia.com/galleries/MetArt-2015-01-29-RICALE-Lucy_Heart/07.jpg','https://www.babepedia.com/galleries/MetArt-2020-06-04-PERKY_IN_PEARLS-Lucy_Heart/16.jpg'),(45184,'Luna Star',33,24,35,'https://babe.today/pics/devilsfilm/luna-star/pierre999-bikini-curve/luna-star-5.jpg','https://www.babepedia.com/user-uploads/Luna%20Star2.jpg','https://cdn.bustyporn.com/content/streamtech/s1/content/entries/22/61/226137_preview_1599629377.jpg'),(45186,'Malena Morgan',33,25,33,'https://www.babepedia.com/user-uploads/Malena%20Morgan11.jpg','https://www.babepedia.com/galleries/Twisty-MalenaMorganInRedHotBra,CorsetAndStockings/03.jpg','https://www.babepedia.com/user-uploads/Malena%20Morgan14.jpg'),(45188,'Mary Rock',33,25,35,'https://www.babepedia.com/galleries/MetArt-2021-01-28-BEACHROCK-Mary_Rock/01.jpg','https://xxxporn.pics/media/metart/mary-rock/bollywoodxxxhub-naked-babe-bangbrosnetwork/mary-rock-1.jpg','https://www.babepedia.com/galleries/Femjoy-BlondeHottieMaryRockFingeringHerSweetAndShavedPussy/08.jpg'),(45189,'McKenzie Lee',32,24,32,'https://www.babepedia.com/pics/McKenzie%20Lee.jpg','https://www.babepedia.com/user-uploads/McKenzie%20Lee4.jpg','https://www.babepedia.com/user-uploads/McKenzie%20Lee5.jpg'),(45190,'Mia Angel',35,30,41,'https://i.pinimg.com/originals/cc/39/85/cc39858249743be8ed1a941d4c2597e7.jpg','https://image.r18hub.com/m-pornhd-vip/pics/21naturals/mia-angel/adorable-blonde-vagina-real/mia-angel-1.jpg','https://cdncontent.xxxwaffle.com/content/1/865/1865249_1f8b066.jpg'),(45191,'Misty Quinn',34,24,36,'https://www.babepedia.com/pics/Misty%20Quinn.jpg','https://www.babepedia.com/user-uploads/Misty%20Quinn6.jpg','https://www.babepedia.com/user-uploads/Misty%20Quinn3.jpg'),(45192,'Mona Blue',32,28,32,'https://www.babepedia.com/pics/Mona%20Blue.jpg','https://www.babepedia.com/user-uploads/Mona%20Blue.jpg','https://cdn.erocurves.com/wp-content/uploads/2020/08/07/57.18VR_Mona_Mingles.jpg'),(45193,'Nancy Ace',33,24,33,'https://www.babepedia.com/user-uploads/Nancy%20Ace14.jpg','https://www.babepedia.com/galleries/MetArt-2019-08-22-BEHIND_THE_CURTAIN-Nancy_A/01.jpg','https://www.babepedia.com/galleries/MetArt-2015-07-09-DOVETT-Nancy_A/17.jpg'),(45194,'Naomi Swann',34,24,34,'https://www.babepedia.com/galleries/Penthouse-OutstandingNaomiSwannPosingSensuallyInHerRedLingerie/0007-01.jpg','https://www.babepedia.com/galleries/Penthouse-NaomiSwannTakesOffHerBlackLingerieOnTheBed/07.jpg','https://www.babepedia.com/galleries/Penthouse-NaomiSwannLovesBeingNakedNextToWindows/0003-10.jpg'),(45195,'Nekane Sweet',36,24,37,'https://www.babepedia.com/pics/Nekane3.jpg','https://www.babepedia.com/user-uploads/Nekane6.jpg','https://static-ca-cdn.eporner.com/gallery/dj/td/ql3hvQXtddj/457218-nekane-sweet-nude.jpg'),(45200,'Rachele Richey',34,26,30,'https://www.babepedia.com/user-uploads/Rachele%20Richey21.jpg','http://www.naughtynews.network/wp-content/uploads/2016/05/Rachele-Richey-2.jpg','https://media.tits-guru.com/images/9f79254f-7959-4c56-bc8a-87f5241c2637.jpeg'),(45201,'Reagan Foxx',34,26,36,'https://www.babepedia.com/pics/Reagan%20Foxx2.jpg','https://cdn.iwantmature.com/galleries/pics/super-hot-mature-reagan-foxx-with-fake-boobs-gives-boobjob-and-gets-screwed/7.jpg','https://cdn.erocurves.com/wp-content/uploads/2017/12/02002.jpg'),(45203,'Richelle Ryan',34,25,36,'https://www.babepedia.com/pics/Richelle%20Ryan.jpg','https://pornpics.vip/xxx/mommyblowsbest/richelle-ryan/xxxbigman-monster-aamerica-cute/richelle-ryan-11.jpg','https://www.babepedia.com/user-uploads/Richelle%20Ryan.jpg'),(45204,'Riley Reid',33,25,36,'https://www.babepedia.com/user-uploads/Riley%20Reid3.jpg','https://www.babepedia.com/galleries/Twisty-RileyReidTakingOffBlackAndWhiteLingerieOnRedLeatherCouch/06.jpg','https://www.babepedia.com/galleries/Twistys-RileyReidInSexyBlackSee-ThroughLingerieInTheShower/12.jpg'),(45205,'Roxy Risingstar',32,26,34,'https://k5x5n5g8.ssl.hwcdn.net/content/210522/0004-01_1200.jpg','https://pornsexerotica.com/tube/wp-content/uploads/sites/17/nggallery/roxy-risingstar/roxy-risingstar1.jpg','https://b6z5d9u4.ssl.hwcdn.net/media/misc/model5795.jpg'),(45207,'Sarah Jessie',32,23,34,'https://www.babepedia.com/user-uploads/Sarah%20Jessie2.jpg','http://www.ekocontent.pro/pictures/50/babe/files/c37497d74ad39193d981701aad7d4370/tattooed-babe-sarah-jessie-flaunting-big-tits-in-bikini-bottoms_2.jpg','https://freepornpicss.com/xxx/sarah-jessie-nude.jpg'),(45208,'Sasha Rose',34,24,35,'https://cdn.erocurves.com/wp-content/uploads/2020/10/10/001.jpg','https://cdn.erocurves.com/galleries/77154/0_big.jpg','https://www.babepedia.com/user-uploads/Sasha%20Rose3.jpg'),(45209,'Savana Styles',36,25,34,'https://pornpics.vip/xxx/bigwetbutts/savana-styles/gang-big-cock-finger-fucks/savana-styles-6.jpg','https://www.babepedia.com/user-uploads/Savana%20Styles6.jpg','https://www.babepedia.com/user-uploads/Savana%20Styles14.jpg'),(45210,'Shellby Carter',34,24,34,'https://www.porn-star.com/shelby_carter/04.jpg','https://www.porn-star.com/shelby-carter/12.jpg','http://adultxxxarea.com/all_img/wzq9qhhqgrxupqa1goob52xvxuorh4r2vf07eni2weocd4cwdr.jpg'),(45211,'Stefany Kyler',34,24,34,'https://www.babepedia.com/pics/Stefany%20Kyler.jpg','https://pornpics.vip/xxx/metart/stefany-kyler/lovely-solo-girls-wap/stefany-kyler-4.jpg','https://xxxporn.pics/media/metart/stefany-kyler/rk-solo-girls-sexxxx/stefany-kyler-1.jpg'),(45212,'Sydney Cole',32,23,34,'https://www.babepedia.com/galleries/Twistys-SydneyCole-HellYeah/01.jpg','http://pornharvest.com/own/full/2/9/8/6/2986762-5.jpg','https://www.babepedia.com/galleries/Twistys-SydneyCole,TreatOfTheMonthInLingerieThenStarkNaked/12.jpg'),(45213,'Sydney Leathers',34,26,34,'https://i.pinimg.com/originals/0d/70/de/0d70de1e2ecb7a0b2c76908a8d081eb3.jpg','https://img.r18hub.com/pornpicsi/1280/5/195/40301966/40301966_014_e245.jpg','https://sexhd.pics/gallery/mywifeshotfriend/sydney-leathers/enjoy-tattoo-details/sydney-leathers-5.jpg'),(45214,'Syren De Mer',34,26,37,'https://www.babepedia.com/pics/Syren%20De%20Mer4.jpg','https://s1.milffox.com/p/jc/Photos/pic-0360/pic3.jpg','https://www.babepedia.com/user-uploads/Syren%20De%20Mer2.jpg'),(45215,'Tegan James',34,24,34,'https://www.babepedia.com/pics/Tegan%20James3.jpg','https://img5.hotnessrater.com/6334228/tegan-james-topless.jpg?w=4000&h=6000','https://cdncontent.xxxwaffle.com/content/2/780/2780936_7e7f98a.jpg'),(45217,'Tiffany Watson',31,24,34,'https://www.babepedia.com/user-uploads/Tiffany%20Watson6.jpg','https://pornpics.vip/xxx/hardx/tiffany-watson/lucky-babe-porngram/tiffany-watson-3.jpg','https://www.babepedia.com/user-uploads/Tiffany%20Watson9.jpg'),(45218,'Tory Lane',33,24,31,'https://cdn.pichunter.com/116/7/1167732/1167732_1_o.jpg','https://www.babepedia.com/user-uploads/Tory%20Lane12.jpg','https://www.babepedia.com/user-uploads/Tory%20Lane5.jpg'),(45220,'Venera Maxima',36,26,36,'https://bigboobs.one/media/istripper/venera-maxima/avi-high-heels-xhamster/venera-maxima-6.jpg','https://cdncontent.xxxwaffle.com/gthumb/3/338/3338414_e723253_600x_.jpg','https://www.sexpin.net/wp-content/uploads/2020/08/veneramaxima-15983864344gnk8.jpg'),(45221,'Victoria Lynn',32,22,32,'https://www.babepedia.com/galleries/DDG-VictoriaLynnStripsOffHerWhiteUnderwear/0003.jpg','https://www.babepedia.com/galleries/DDG-VictoriaLynnStripsDownAndShowsOff/0004.jpg','https://www.babepedia.com/galleries/Twistys-VictoriaLynnSlidingOffTightDress/09.jpg'),(45222,'Liya Silver',37,22,32,'https://cdn.bustyporn.com/content/streamtech/s1/content/entries/10/12/101203_source_1578373663.jpg','https://www.babepedia.com/galleries/AlisaVerner-KristinaShcherbininaDroppingHerPants/009.jpg','https://www.babepedia.com/galleries/iStripper-LiyaSilverAsASexyCleaningLadyInBlackAndWhiteLingerie/0008-03.jpg');
/*!40000 ALTER TABLE `stars` ENABLE KEYS */;
UNLOCK TABLES;

--
-- Table structure for table `starslinks`
--

DROP TABLE IF EXISTS `starslinks`;
/*!40101 SET @saved_cs_client     = @@character_set_client */;
/*!50503 SET character_set_client = utf8mb4 */;
CREATE TABLE `starslinks` (
  `videoId` int NOT NULL,
  `starId` int NOT NULL,
  KEY `star_idx` (`starId`),
  KEY `video_idx` (`videoId`),
  CONSTRAINT `star` FOREIGN KEY (`starId`) REFERENCES `stars` (`starId`),
  CONSTRAINT `video` FOREIGN KEY (`videoId`) REFERENCES `videos` (`videoId`) ON DELETE RESTRICT
) ENGINE=InnoDB DEFAULT CHARSET=utf8mb4 COLLATE=utf8mb4_0900_ai_ci;
/*!40101 SET character_set_client = @saved_cs_client */;

--
-- Dumping data for table `starslinks`
--

LOCK TABLES `starslinks` WRITE;
/*!40000 ALTER TABLE `starslinks` DISABLE KEYS */;
INSERT INTO `starslinks` VALUES (183,45112),(184,45112),(185,45112),(188,45112),(189,45112),(190,45112),(191,45112),(182,45112),(182,45171),(181,45112),(181,45178),(181,45204),(199,45113),(198,45113),(197,45113),(196,45113),(195,45113),(194,45113),(193,45113),(200,45113),(192,45113),(192,45195),(210,45120),(211,45120),(201,45120),(202,45120),(203,45120),(204,45120),(205,45120),(206,45120),(207,45120),(208,45120),(209,45120),(212,45126),(213,45126),(214,45126),(215,45126),(216,45126),(217,45127),(218,45127),(219,45127),(221,45127),(222,45127),(223,45127),(224,45127),(225,45127),(226,45127),(227,45127),(220,45127),(220,45171),(228,45128),(229,45128),(230,45128),(231,45128),(236,45128),(235,45128),(234,45128),(233,45128),(232,45128),(237,45130),(239,45130),(240,45130),(241,45130),(242,45130),(244,45130),(238,45130),(243,45130),(243,45163),(243,45171),(250,45133),(251,45133),(252,45133),(253,45133),(254,45133),(255,45133),(256,45133),(249,45133),(248,45133),(245,45133),(246,45133),(247,45133),(264,45138),(263,45138),(262,45138),(261,45138),(265,45138),(258,45138),(258,45217),(257,45138),(257,45217),(289,45148),(288,45148),(287,45148),(286,45148),(285,45148),(284,45148),(283,45148),(282,45148),(281,45148),(290,45148),(290,45170),(293,45154),(291,45154),(292,45154),(296,45154),(295,45154),(294,45154),(297,45154),(298,45154),(299,45154),(300,45154),(301,45162),(302,45162),(303,45162),(304,45162),(305,45162),(306,45162),(307,45162),(309,45162),(308,45162),(320,45163),(318,45163),(317,45163),(316,45163),(310,45163),(311,45163),(312,45163),(313,45163),(314,45163),(319,45163),(315,45163),(315,45171),(321,45167),(322,45167),(323,45167),(324,45167),(325,45167),(329,45167),(328,45167),(327,45167),(326,45167),(331,45170),(332,45170),(333,45170),(334,45170),(335,45170),(336,45170),(330,45170),(342,45171),(341,45171),(340,45171),(339,45171),(338,45171),(337,45171),(343,45171),(344,45171),(353,45176),(352,45176),(351,45176),(350,45176),(349,45176),(348,45176),(347,45176),(346,45176),(345,45176),(363,45177),(362,45177),(361,45177),(359,45177),(358,45177),(357,45177),(356,45177),(355,45177),(354,45177),(360,45177),(372,45222),(371,45222),(369,45222),(368,45222),(367,45222),(366,45222),(365,45222),(364,45222),(370,45222),(431,45222),(431,45205),(375,45191),(374,45191),(373,45191),(381,45195),(380,45195),(379,45195),(378,45195),(377,45195),(376,45195),(382,45195),(393,45201),(392,45201),(391,45201),(390,45201),(389,45201),(388,45201),(387,45201),(386,45201),(384,45201),(383,45201),(385,45201),(398,45205),(397,45205),(396,45205),(395,45205),(394,45205),(400,45205),(399,45205),(401,45205),(408,45211),(409,45211),(410,45211),(406,45211),(405,45211),(404,45211),(403,45211),(402,45211),(407,45211),(411,45213),(412,45213),(413,45217),(414,45217),(416,45217),(417,45217),(420,45217),(419,45217),(418,45217),(415,45217),(423,45220),(424,45220),(425,45220),(427,45220),(428,45220),(429,45220),(426,45220),(421,45220),(422,45220),(430,45221),(432,45171);
/*!40000 ALTER TABLE `starslinks` ENABLE KEYS */;
UNLOCK TABLES;

--
-- Table structure for table `videos`
--

DROP TABLE IF EXISTS `videos`;
/*!40101 SET @saved_cs_client     = @@character_set_client */;
/*!50503 SET character_set_client = utf8mb4 */;
CREATE TABLE `videos` (
  `videoId` int NOT NULL AUTO_INCREMENT,
  `nameOfVideo` varchar(90) DEFAULT NULL,
  `inWhichAccount` varchar(45) DEFAULT NULL,
  `videourl` varchar(180) DEFAULT NULL,
  `rating` float DEFAULT NULL,
  `startAt` varchar(9) DEFAULT NULL,
  `endAt` varchar(9) DEFAULT NULL,
  `isChecked` tinyint(1) DEFAULT '0',
  PRIMARY KEY (`videoId`)
) ENGINE=InnoDB AUTO_INCREMENT=433 DEFAULT CHARSET=utf8mb4 COLLATE=utf8mb4_0900_ai_ci;
/*!40101 SET character_set_client = @saved_cs_client */;

--
-- Dumping data for table `videos`
--

LOCK TABLES `videos` WRITE;
/*!40000 ALTER TABLE `videos` DISABLE KEYS */;
INSERT INTO `videos` VALUES (181,'Office 4 Play','chaitaliweds2','9t0GCQRY#u8MNrtCn-MS536IgFbxpT_uOCTjogRqG5wZRyOumItM',81,'2.07','27.00',1),(182,'Threesome','chaitaliweds2','V982yKqK#tAePH0GO9OVeypyDMLm2abacGC5MpObyzyitmuk7iUk',NULL,'3.33',NULL,0),(183,'Dirty Talk','chaitaliweds2','45sQkAoT#qYueMlml3GNwW_t1vdEwe9g3-s-MK_sILdYgmgq0g18',NULL,'2.07',NULL,0),(184,'Step Siblings','chaitaliweds2','Q000HK5L#toxNxpY9_hKxTlZv35Ol-ibHoNRuF4OjHNuYJ4yotx0',NULL,'0',NULL,0),(185,'Solo','chaitaliweds2','Ig9GDazC#aM9ErQFy35WLKOkgc9y81y-59PmUA2ynr7krWI8vp8A',NULL,NULL,NULL,0),(188,'Squirting On My Panty Sniffing Roommate','chaitaliweds2','c11AGIRR#Q0icG2NS51cDc9zTa_ei64hkD2eP7vZHDfsnGEYdQKs',NULL,'0',NULL,0),(189,'Sis Loves Me','chaitaliweds2','hgsxjIxQ#Op1zcHhVEGZRS6Z_jcGh8TYMFeSydFGs5dZBEwriBQQ',NULL,NULL,NULL,0),(190,'Sweet Sinner','chaitaliweds2','g5MnSa7S#hNW3uxW2I6V78bHZsB8u-CBgcFAwMRSLVAInzMf6KaQ',NULL,'7.38',NULL,0),(191,'Throated','chaitaliweds2','BglWnCjY#Pt0LFhc9UeJY4mAd_p4crUhR29HkMcMjdWS3k76tPKU',NULL,'2.43',NULL,0),(192,'Big Ass Crush With Alexa Tomas And Nekane Sweet','deepraiya17','qAgFBISb#K4xT3QvAWKYj2IdklC-G9cbv6dYzDTHpQPl_dMCH78o',NULL,'4.14',NULL,0),(193,'Cheating Wives','deepraiya17','OVomVAaL#OCFFx7tbVlFcRUqBBunnA_lworw0SHU4k-CZRSdAnIY',NULL,'0',NULL,0),(194,'Summer Sex','deepraiya17','LVwEWBaL#bqR6cKQe5Axhy_0342CLct8osam3oy4NZluIWsthmYM',NULL,'0',NULL,0),(195,'Ass Traffic','deepraiya17','SV4ABIxD#PxBwXCodkSIfgeEH4BhA6CxtXbF1nP8sngpgoT9XYL0',NULL,'2.07',NULL,0),(196,'Creeper Part 3','deepraiya17','XU4UACST#Oe-HTPK6Hz7j5Q2AWMDT4_qrOa7yFN59lDz88ePnSPs',NULL,'0.0',NULL,0),(197,'Pilates Deep Session','deepraiya17','TN5yzaiK#Abs4S-PF3fU2-FnvUlkB2QZbK6i9bGksbbzIicH3qDA',NULL,'0.0',NULL,0),(198,'A Night In Paris','deepraiya17','vcgyyCSJ#2lg_fegw8IUC2p8bni3jhStGzstkZZFgqOvT7yTHHG4',NULL,'1.17',NULL,0),(199,'A Pleasant Anal Surprise','deepraiya17','HZwCWZxa#v5RwklqyGklUOA913TUlTw1-OjFVcErAdKGFfz0Fc1I',NULL,'0.45',NULL,0),(200,'Letting Go','deepraiya17','qEwAlShL#Mo86shHUqk5v6X3KIvL4SYkrcyPfcJxKYfBGn82F53E',NULL,'0',NULL,0),(201,'Proffesor Sexy','chaitaliweds2','t4dyDBgT#TB7TvMJCKF4V6EP4njxX5pW4rViohW5P8VXcfZi54ng',NULL,NULL,NULL,0),(202,'Step Daddy\'s Girl','chaitaliweds2','NsFCRDDQ#JoP3rjSliuQkeapxe6jrlxhDPeG5LJF8uc_sbJDOBJA',NULL,NULL,NULL,0),(203,'Cum Addiction Intervention','chaitaliweds2','R4dgnBaS#0HwvBEzOcK9NeTbQ3VUndeDSO-LbAei1_ex2NDxSdZ8',NULL,'0',NULL,0),(204,'Deeplush','chaitaliweds2','Z9cz1YRL#tDJbiosPG1OUUMswhdbRlUuletyscMbTXnc8sPq53KU',NULL,'0.0',NULL,0),(205,'Gives Daddy Some Stress Relief','chaitaliweds2','d8Uk3BrZ#X_tGvmAd7q_13O8u8F2oWFWtFd_NguuJy8x0VDZH9QQ',NULL,'1.44',NULL,0),(206,'Cuttie Got Him Cumming','chaitaliweds2','84FTkSjb#HZgxTBXD-SdFAVrdNklx9BWzBWlKUN1VPs2iOXLv1Z8',NULL,'3.15',NULL,0),(207,'Hot POV 4','chaitaliweds2','t0kQFCBa#w5UtOO_3v3NjYlZ2rkwYeq_LHItGt1pRasgds60CeKI',NULL,'0.0',NULL,0),(208,'Make Em Sweat','chaitaliweds2','5lk1BCwJ#RWr57b_0uNBJBhb17aleTW5ZlUJRBdBonRupMV-oBhg',NULL,'0.0',NULL,0),(209,'Sis Loves Me','chaitaliweds2','g9cRXATI#oP4kFCGo3rmgnrx3E47zTYkWi1ku673YdUdW-ZDHn_c',NULL,NULL,NULL,0),(210,'Filling Up The Babbysitter','chaitaliweds2','8xUwiR6Z#NJHnu9fLvAexCrskCXYuoAAY_Q-ZJIfrBXcBioWl3Mo',NULL,'0.0',NULL,0),(211,'Step Sibling Seduction','chaitaliweds2','kg91BKaZ#gndSQBAdShGu5ul3Enx_1B7E4n8ZDQ_Opb1quVsQl9o',NULL,NULL,NULL,0),(212,'Step Siblings','rasila.raiya.1','Ec4xiAbA#p8rqR0mI7Ef6unPk0v9Z6MpNYzu0FGpdELwyCHj_QYw',NULL,NULL,NULL,0),(213,'Bokworm','rasila.raiya.1','cRwBlKjb#YrjNS0TzczhqdpIdN2TDPln4g1vG2-YON22B6KUGgiI',NULL,NULL,NULL,0),(214,'Beautiful Girl','rasila.raiya.1','lJ4RGa7Z#-BB_sy0JlSRAXJo8rMHc7SIPkMRZS2iotn3x1Npq-8E',NULL,NULL,NULL,0),(215,'Hardcoe','rasila.raiya.1','1ZoDhY4Z#R7LoMNwIJ03yyubZTBuSHy9rFkfCAisfwWyWCXJ6ZcQ',NULL,NULL,NULL,0),(216,'Valentine Day On Chritsmas','rasila.raiya.1','gBp1QQBa#XB6MxPqjuJZDZrNhy9Y-h3br5KxzOqAmpaKxT9SwYR8',NULL,NULL,NULL,0),(217,'Teacher Fucks Teens','chaitaliweds2','x5kR2KRB#X6zrph-ajSmxyAU_6GKvUJjy9ESu5BGqRdMVTnpaqMc',NULL,NULL,NULL,0),(218,'Cowgirl Cowpoke Threesome','chaitaliweds2','9gk1CCiS#mwkS_d2bOogEcWnlTm0D4GKVDRVLuOTzup_OWPVe_l8',NULL,NULL,NULL,0),(219,'Dirty Family','chaitaliweds2','8pkiTKxa#8TMtPDDXK0TZnD3L67RxxL0GQha89e2zJsMD24qUZgM',NULL,NULL,NULL,0),(220,'Lesbian','chaitaliweds2','s8lUVCiQ#FnGUhaJhVACidrqutV8XhSg9aE-9sESUeW6hPUAFeQM',NULL,NULL,NULL,0),(221,'Lesbian 2','chaitaliweds2','E8di2TKD#mfUum9EnR_LoJyZeYyapTA4XOohFt_g9pKNEwMtdbcM',NULL,NULL,NULL,0),(222,'Lesbian 3','chaitaliweds2','o8VmERIT#-QDziTQ-Zaiet60i-VDlodmWPF4k-Feh33sf7qxBVd8',NULL,NULL,NULL,0),(223,'Lesbian Lingerie','chaitaliweds2','9xkQEbxB#fuk58oYwiPF5gybmy3eoVCVs6a1ybE-pvpWFPNJ9HQM',NULL,NULL,NULL,0),(224,'Lesbian','chaitaliweds2','M9lBgKoD#azYxbpnw8IhiGaI9P9WGY6KbTBmlnX0i5pxCnULJk40',NULL,NULL,NULL,0),(225,'Milf Fidelity','chaitaliweds2','8pEzCQba#OAmubguQtfcC6NbJM8-oluG2plhcZlJGDD7ow9ZdFlc',NULL,NULL,NULL,0),(226,'Out Of Office Hardcore','chaitaliweds2','EwcDXK7Q#aMM5G8pheJcdY81ZUoe98OzGZYcZoyFtxyZmn-iQ9YM',NULL,NULL,NULL,0),(227,'The Sales Rep','chaitaliweds2','QxUSnLIS#eUqJDW36vVuAbq_XOcIvvsi4W43idnuP7wv4WOd3X34',NULL,NULL,NULL,0),(228,'Sexual Education Vol 9','rasila.raiya.1','gdpT3SLb#Ww-8kArJSnlT92oSrpnYlhXqvE290C3UjGLVvh9z7FQ',NULL,NULL,NULL,0),(229,'Last Blowjob Of The Year','rasila.raiya.1','pJx1CSRA#3A9-RXzrq8TL9IFI0IZFuuzEuY3IZnye2XtHhwNwH_A',NULL,NULL,NULL,0),(230,'Anal Loving Milf','rasila.raiya.1','sc5BzQjB#BzYJ1CEFFC4_mE_cwnLe3NIqUyJ_6qxJcv8VOt8rtMM',NULL,NULL,NULL,0),(231,'Big Tits Blonde','rasila.raiya.1','MMxTyK4J#fofr2_FhiWdoLvb1RNxUrZD9Gtl_QrzaV3KAdvhuG-Q',NULL,NULL,NULL,0),(232,'Fuck I m Live Screaming','rasila.raiya.1','JEoH3AIa#H6knbW9jRUkPIItGA0KzbtOsFD5vy0u1lTollZYmJhs',NULL,NULL,NULL,0),(233,'Growing Desire To Fuck Her','rasila.raiya.1','RA4RWa4R#c6MCngGgxZg-6EK6q76f7IhWHSqCfyt4G5GOBzsBa_s',NULL,NULL,NULL,0),(234,'Horny Milfs Ass Fucking Adventure','rasila.raiya.1','8ZolSQQZ#xRNm0NTCtCehHgVSB-d8gvET6WCUMdV-eNeN83iLUSI',NULL,NULL,NULL,0),(235,'Jealous Step Mother','rasila.raiya.1','gAxzGa5R#zK011vDIpo87WUM6n1HSO0PqfB0QJzdvG3GI1O3IV_M',NULL,NULL,NULL,0),(236,'Milf Big Tits Blonde','rasila.raiya.1','YV5DVIIL#9K8IEZcgMmVMeltiGAO3nHO20MheaGeJmGZFJKB-Vv0',NULL,NULL,NULL,0),(237,'Skip Trace 3','chaitaliweds2','ts1UwSwL#ML0Z6590lN9VGYEftWbC5anFQHRLE6LNg5pLIttQz2U',NULL,NULL,NULL,0),(238,'Dorm Fuck','chaitaliweds2','xwkSVIiS#JGBzmTVMX_C1nEfg9sjF1mDtMQbnycrGA9wAoF38awI',NULL,NULL,NULL,0),(239,'Fighters scene 1','chaitaliweds2','YltWkTpB#Rgd2rFx9Pr8YS9WAf6TJCCD19EBf4ZMl8yJYNxwKILU',NULL,NULL,NULL,0),(240,'Fighters scene 5','chaitaliweds2','wg8wnBwb#Ok203EnyI7cxGJ3zMe9JcdWPZAbTFbuJvfSqMOv_6wE',NULL,NULL,NULL,0),(241,'Home Wrecker','chaitaliweds2','kwMxRajK#UpO-W7gLhvwE0CtrFBYZ3IR5e3aG0wvEliKeXuYqNfA',NULL,NULL,NULL,0),(242,'I Know  That Girl','chaitaliweds2','ck8ywIZZ#Nr04oMMKRtQx8DOskVl_cLnWQo4Ox1zs_g4kOCA6LZQ',NULL,NULL,NULL,0),(243,'Babysitters 2 Scene 7','chaitaliweds2','klt2ADoL#9YeZTTB5uoERMAwc1gZee-hrVYCEr0kPPELi8hrqv_U',NULL,NULL,NULL,0),(244,'The Crib Scene 5','chaitaliweds2','tt9QQQLD#F7-vu5Q9OJKmRyBAihBFPfZSFv6C0Au-GWl_qBnjdgw',NULL,NULL,NULL,0),(245,'My Shrink Fucks The Shit Out Of Me','chaitaliweds2','NsUmjbqS#ZiUUhkPiKqm3NfQ_Asur3oIEpHjhUPr8QCHMvTNkdnQ',NULL,NULL,NULL,0),(246,'Backdoor Beauties 9','chaitaliweds2','1gUDQYTA#gS6cVCYHG-itmfWmyTwgN1qGdM2T6uSTm9oNrMEnIfA',NULL,NULL,NULL,0),(247,'Smooth Like Chocolate','chaitaliweds2','YhNSxbgS#Y2FgMmH9SCnV4PI29IWtjlGw0ZyxXEAm5Zpv66xb3YQ',NULL,NULL,NULL,0),(248,'Anal','chaitaliweds2','IgcBFaZL#p6kbEN6YSFGWG17-KnptHI29ofPqJaW20BzL4quEefc',NULL,NULL,NULL,0),(249,'Creampie Cutie 9','chaitaliweds2','8tdySDYI#lnZ9B97KGKH37bnUBuOSorlne5uu933_iFXGPHjeza0',NULL,NULL,NULL,0),(250,'Don\'t Get Mad','chaitaliweds2','QgEVmQzT#P0Vg46MtePdvXbPAgTe_17-dx39e6hhrRdcKTiN2Pvw',NULL,NULL,NULL,0),(251,'Hardcore','chaitaliweds2','Q8kUkBZQ#7xKIJdzdkzsTTsH7WpIS1vo2srogXOlXAWAL_PjCCUQ',NULL,NULL,NULL,0),(252,'Let\'s Do It','chaitaliweds2','koVhGaAA#s0m3gw1KJeCz1tbMESJLzAbXYmzq0H9o1t-x1PobeJk',NULL,NULL,NULL,0),(253,'Lucky Guy','chaitaliweds2','w8EzCYQT#i--L_nZFkeNJAyuPEXnQjIuml5wKnnBF8akDjtUqY3o',NULL,NULL,NULL,0),(254,'Open for Anal','chaitaliweds2','p08gGZQZ#G0sl98wauKm12N3TFoWcycT6hESZkS2odwlyZiQnf7I',NULL,NULL,NULL,0),(255,'Private Pole Dance','chaitaliweds2','4hMDXABY#sjjG8j6-xiTFUb3MvEDlNqAkIzeMrsrqJBzpUkkQSKc',NULL,NULL,NULL,0),(256,'SinfulXXX','chaitaliweds2','QlETCCCa#zjMSrlk6s1U0SwVqMw2MCsFhhSaOA2uFFc1AkPTholM',NULL,NULL,NULL,0),(257,'Step Mom','deepraiya17','DYgWESya#ZcJshZwrfaLzhX-b0UM-HXizDuaKUn1PW7_M2wfxP0E',NULL,NULL,NULL,0),(258,'Teacher Fucks Teens','deepraiya17','XUgAWaaQ#8ZXzjEKUEbxu5btfPL7_80EGpBivNt5oE_x9MxYJzX0',NULL,NULL,NULL,0),(261,'Bigass Bigtits Hardcore','deepraiya17','XBwCjQKL#81v2OizVUo4QfgPjJTBK_rwDO7xOsSdu0qS-t4kZenw',NULL,'0',NULL,0),(262,'Expm785','deepraiya17','HZ4mBSxa#SawFPI6NGTM0ybr0BZ3AZh2ly2e2O2fE-Z2vN42Npuo',NULL,NULL,NULL,0),(263,'Gets Ravaged','deepraiya17','echCgKpJ#q1NgzRrrVAxNO02nPdCCBPhJ3ukKRWjdMGTMJeedip8',NULL,NULL,NULL,0),(264,'Hard Passion 3','deepraiya17','7QhAmIIZ#dowMKMbw_oseUySsUPSG1MuPuefGPtbOTbOS1HtJAlI',NULL,NULL,NULL,0),(265,'Into My Ass','deepraiya17','iExAGSxD#ags_CyTbQ-1jaxSUT-5WfhRFwkZthRk4p1esuS-3SX8',NULL,NULL,NULL,0),(281,'Fantasy Of Month','deepraiya17','WVgmxQ4Z#I5hJuMP4lwnOQlnw1ezA85KqZ3VgYpkWgEMrnGhDzFo',NULL,NULL,NULL,0),(282,'Show Us How You Fuck','deepraiya17','CAxmCQZR#0QnKbFuLhlvdYblo7hXFdmv2ykUjaLbn8ir4oBvjJLk',NULL,NULL,NULL,0),(283,'Lesbian','deepraiya17','uJhwjQBD#yxRGtgeKamhs7_pWFBwfHp_bv03K6MLvAEEK2aWO9Vg',NULL,NULL,NULL,0),(284,'Beautiful Sex','deepraiya17','DVITEACK#3XpESRAtJTEKLurzHUX0fSw03wYxILg1yuAE1arfYh4',NULL,NULL,NULL,0),(285,'Blonde Artporn Anal','deepraiya17','iNxUySCR#m_RufXQIKVrxI2SX_BKg-Z_qFNG799mYHid5fqbQ8qs',NULL,NULL,NULL,0),(286,'Blonde','deepraiya17','zU4AjSqJ#ySb_Mu60exLuIKRYUU2qIe7zUHaoE_J2Xblx9va1H4I',NULL,NULL,NULL,0),(287,'Lesbian Moms Mystery Job','deepraiya17','PJxUCQbT#BWnQ6cDyEeIN-9C3nBd6VV2QuAlZcztyMw_cKqRO8LQ',NULL,NULL,NULL,0),(288,'This Boots were Made For Anal','deepraiya17','qU5k1C5D#ZuR-1Swq0r8RTCk96Ad6AkbN-DXRc6YCUj4ojAGBmJo',NULL,NULL,NULL,0),(289,'With Ryan BigTits ArtPorn','deepraiya17','KQ4WDIyQ#EECIgC6nKX0UWAfEur_39gRzmpRmHIZeHEfPWkjjlVI',NULL,NULL,NULL,0),(290,'Bring Your Daughter To Work','deepraiya17','6d4izKwQ#4Y6FCEbuN7cQrVyIAMqCmtP9u92j7QPcK4H9UigPri4',NULL,NULL,NULL,0),(291,'Is A Blonde Babe With Big Natural Tits','deepraiya17','KQRznCKD#V7fUQWIqH2ZaD1WnJueNRwO09n0K_YroC_xNs-ct9sI',NULL,NULL,NULL,0),(292,'Has Pussy Eaten And Fucked','deepraiya17','2IIRlCyK#6BdumrImw5KCyBBwSn45PhhvUCvbxYvSV2ffh4E-k78',NULL,NULL,NULL,0),(293,'Bigass Blonde Anal','deepraiya17','fMpQCATL#swmP4VYiXXmSZbQCk1AcQQMhKx3VN0JZUiOW4Vh9DDk',NULL,NULL,NULL,0),(294,'Teen Breast Worship','deepraiya17','LEIz3CRC#ynrjCmKQ9U_k7pI8NTeaHTBm2y9a2JrZDTPGx0rOi_c',NULL,NULL,NULL,0),(295,'Makes It Hard For Her Stepbro','deepraiya17','3IAzlaAL#RfYGBDCi0XZ6R_JaXsdiRGliHNF-gHM2dFt24gYN8F8',NULL,NULL,NULL,0),(296,'Bombshell','deepraiya17','nQ520CaK#0CHrR74fNDSyJGBE6eYokGATuqlfQQaDwvgDI3t7_kw',NULL,NULL,NULL,0),(297,'The Controller','deepraiya17','rAQFFIqS#s_Tsf-cVN5OzuTz3oxmyzrHDxQlKxWYlOpIBu7kEPw0',NULL,NULL,NULL,0),(298,'Bigtits Hardcore','deepraiya17','jNwW1SyQ#xC3PWg_0w8T6nCOrM5ItCacfqtX9WYnn6qxaS8rD_70',NULL,NULL,NULL,0),(299,'Big Tits','deepraiya17','iURjgKhY#c8biDnApFyBIVRHQvws9Jv9OE9XqZwn8PqnWbNRxTCw',NULL,NULL,NULL,0),(300,'Busty Blonde Creampied','deepraiya17','SNhGTaTB#-Iu7U89VOLJ4QGI7kv6dXWJhORQ_Hw_i3VNiL-jIU24',NULL,NULL,NULL,0),(301,'Invitation To Shibari','deepraiya17','CVwhVIBa#ZKRn5ftumkwqvEZmIrf4xVs2k2miksfbrC1OkMMs1nM',NULL,NULL,NULL,0),(302,'Sex In The Sauna','deepraiya17','nNp1QKyQ#r9BfkmSxKnm5NB-1OJl8_HTmLELxX2IVnwstT7eZXMk',NULL,NULL,NULL,0),(303,'Pornstars Like It Big','deepraiya17','uBpA0IQZ#DCIoGMsbFO08wkegzK2_SR3Xl8XotgiSah-y9uGlmTM',NULL,NULL,NULL,0),(304,'Sexual Education Vol 9','deepraiya17','7c4jSICA#lJJDubbxlmHKhutuJUTcgbCW60JRo-ym7NolCETUC58',NULL,NULL,NULL,0),(305,'Show Me Your Legs 4','deepraiya17','PIxGnCxS#w9dphh9m0tpshxPM6cp73AEpJgIWjfpRnNkjVWB12bE',NULL,NULL,NULL,0),(306,'They Come In Peace','deepraiya17','iE4RjKJQ#9yPbWsvuKfHcMR5PMukBK7iNH2wRlVIWZQWK6K8VMPU',NULL,NULL,NULL,0),(307,'Anal Planner','deepraiya17','XMpBmAaD#mtzK6VEZT48U8uk9SGZ8Uc62rnT38yOU6Z3DpC-67v8',NULL,NULL,NULL,0),(308,'Anal','deepraiya17','jQpGFCDZ#zjSYGSIyCJo8jA5IQOH8Rj_p1oeR1F_0lc4i8UiT1RM',NULL,NULL,NULL,0),(309,'Anal Sex Fantasy With Her Doctor Cums True','deepraiya17','jBhSiKaT#ysM1mNq7Etm8Fv_w8YkMT12tKBuDWeyy3fBIjADba-c',NULL,NULL,NULL,0),(310,'Asking Price','chaitaliweds2','QtMlhQoB#Awo8Wl9StUkguah72bMLRKG9pamyHY6BTDOcMFynOQk',NULL,NULL,NULL,0),(311,'Fighters scene 2','chaitaliweds2','plFlAABI#3EZnJ_CGbfLKIlSjWkKHZlhpRPGDHcA2L_Yjtba889k',NULL,NULL,NULL,0),(312,'Nurses 2 Scene 5','chaitaliweds2','QsVyxT7B#EzwkhZa8tBfPKIF52Xjk1KGchZvq2gxg3bmdkPmHEqA',NULL,NULL,NULL,0),(313,'Skip Trace Scene 3','chaitaliweds2','h4UEwJSR#wqIqwU4Zps0q1Tj-JI0BqdS15C2uR9ojvpxvRECtQ-o',NULL,NULL,NULL,0),(314,'Skip Trace Scene 4','chaitaliweds2','o5cAxRxL#jLEtPrtFShz8C1AI8Hpfy9I_ef0_thYhTmLPb2Zdf84',NULL,NULL,NULL,0),(315,'Lesbian','chaitaliweds2','k8c32YwZ#MJLItSiw-0lL2T1PKICMA21Aj4FfTP7Snre8e7GZFV4',NULL,NULL,NULL,0),(316,'Lingerie','chaitaliweds2','Aocm3LaC#e7JANDDNI2UQnFbPsrdv6gYmqvDMLxjJMx90hC9yKQw',NULL,NULL,NULL,0),(317,'No','chaitaliweds2','1lcTlIYS#BY3hPQQK6m6k_-se96bEyP4lg629ozquY8pVwWwTt_U',NULL,NULL,NULL,0),(318,'Sexy Lingerie','chaitaliweds2','U8dRySQC#qaPb-wY0EfmGQrhBJUiBPpRFt9fIt2uxUuZExG928ok',NULL,NULL,NULL,0),(319,'The Scene You Are Waiting For','chaitaliweds2','goMxgA6b#fRXSPm5GuQM24Z4mIKs2HlbP-ldPQ0Ds-KOVJAabQf4',NULL,NULL,NULL,0),(320,'The Squzze Scene 5','chaitaliweds2','0sdnRawC#NP3OzJ7gLpBBpV-3FPoz4PJuP8zqsCioGpfa7jnXqaw',NULL,NULL,NULL,0),(321,'Stepmom Fooled Around With Stepson','rasila.raiya.1','pEoj1aCL#_QBXJCamCwKcByC8gGwED-_C0obgCWQwOVxCitrfzKY',NULL,NULL,NULL,0),(322,'My Friends Hot Mom Vol 97','rasila.raiya.1','QF4DlYgD#zOnHZQ5fxUqTLLqXuNmqvKp_A2mIIWxsU601W783WEs',NULL,NULL,NULL,0),(323,'Naughty Office','rasila.raiya.1','ZZoBgSKR#7MibJuIkLx7kq4ZHGayymfkiRqf70rlQvoskH5hnGDA',NULL,NULL,NULL,0),(324,'Coming Home Mommy','rasila.raiya.1','dcgVGCYa#3h1dg8FO_4LtYna--C-8g8QaYRapVuxw04r_kpjB0hY',NULL,NULL,NULL,0),(325,'Fucked By Stepson In Shower','rasila.raiya.1','VEwnQaaY#uKvQXKfYsIQLd5etKIAb1u95hYUApTGWC3RCgiEaDEY',NULL,NULL,NULL,0),(326,'Gets Pretty Face Covered In Cum','rasila.raiya.1','kVxzzaIa#WckdB6aUXGFjlbOqCnSSjTDTCUokDJ8Y1pNzfAhRAms',NULL,NULL,NULL,0),(327,'Mother Exchange','rasila.raiya.1','BIhjUQ4D#Us4zLVTMORoE2h5P2mzwzb9AuLisldHlBJkNDEnun4U',NULL,NULL,NULL,0),(328,'NastyPlace Blonde Mom Julia and Young Guy','rasila.raiya.1','xEpBEAIS#T4H4cZVrtbI3n4zJpEk4WHXlNnvuzcPeIlN17xUoLXk',NULL,NULL,NULL,0),(329,'Office Seduction','rasila.raiya.1','FYh1hYBD#yLymg2gQCb0eFuz0X2bqojGB2rWEL-o1chHnWcRW60I',NULL,NULL,NULL,0),(330,'Unplug My Pipe','rasila.raiya.1','IQhRVAIS#MG7RYe2miGXCYdgmffJ6C1uexOuZsdN40TW5DsrtUXc',NULL,NULL,NULL,0),(331,'Concept Rent OR Landlord','rasila.raiya.1','4YpR1Iaa#l_O1XKkE7CguvZgp7xidpKJE2t-BjUhguxhlI8UETSI',NULL,NULL,NULL,0),(332,'My Friends Hot Mom 92','rasila.raiya.1','NUxzDYCb#4ZKRvHKxG7WaGLukkEWFVJ-Vw_emZbNWyd_Y3IJRX34',NULL,NULL,NULL,0),(333,'Porn Casting','rasila.raiya.1','gMxhSYYB#YT51pXDYNkFWg5VL6wOagLufWowtz-1bpcFNYh_nlaE',NULL,NULL,NULL,0),(334,'Big Tits Milf','rasila.raiya.1','VFwHFS4K#tK2yk668oSXiqtkirUsHfbPHjfel9IiP2Sab7W0XZQs',NULL,NULL,NULL,0),(335,'Busty Babe Fucks The Help','rasila.raiya.1','dYoTwILJ#tze4W48TMVp2xOgVzd9D4v42d5X7JE5nplGJQ8d6axU',NULL,NULL,NULL,0),(336,'Gets A Much Needed Fuck From Her Student','rasila.raiya.1','sJoTTYDA#jRilG2KObJO88vTZAeSiN9Yafe7rdtZzBsrswiSHL0M',NULL,NULL,NULL,0),(337,'Anal Blonde','deepraiya17','LNgDCCAa#1-5fG1a_I2f21VSGcvMcu2D1KfFAPgbIzQMfphhAk-s',NULL,NULL,NULL,0),(338,'Anal','deepraiya17','eZh23SxA#Z2BNkZKU46X-dpUcj83ljowzdQF87vle_sAOK7IQmos',NULL,NULL,NULL,0),(339,'Sex in the Afternoon','deepraiya17','6YRhgQhC#8S7-FUK4HuPL0Ypo7k0679Ijq5CMWDlwLxghTVs--kE',NULL,NULL,NULL,0),(340,'Stripper gives POV sex','deepraiya17','qdolWSqQ#RzdoQyJC-rM7EPSK4TMz_sEBaLNvxd3M_p3R0L6f_No',NULL,NULL,NULL,0),(341,'Sugar Daddy','deepraiya17','PYQHHCzI#CvmYJlfoI87M-oJ5_xNothjwgDO7KOzi-zSFrIGqmNI',NULL,NULL,NULL,0),(342,'Mistress Maitland 2 Delegate','deepraiya17','LUwRUaZS#ylU6Ncir2EqMQVBG7HEe9lV_SkiffQiKQQ1gC2y-PNM',NULL,NULL,NULL,0),(343,'Fighters scene 3','deepraiya17','SUhgxIII#skZ6hrl3eKSb0J5aObfMRNpkFd7pDamq8S8yvgtsZGc',NULL,NULL,NULL,0),(344,'Fighters Scene 7','deepraiya17','CMgklagR#N-kNWYs4NIQFrzast2DGbEPFyk1Fh_uzYSo8MCykOIY',NULL,NULL,NULL,0),(345,'Beautiful Sex','deepraiya17','GJhjhIwC#VsH-AW6dmgHvwLnL-Ml38_7EHBYlbvYV1-bd_UAo-D0',NULL,NULL,NULL,0),(346,'Foursome','deepraiya17','WRgwWYwT#R6uniR2hEkGhOA24d_l95Li_ZLwnWMpE3mCHbXN1iPg',NULL,NULL,NULL,0),(347,'Fucked On Bike','deepraiya17','HNoTjQKZ#I1o0ZcRHMCodjcXycmplbjfZuhFezZE4x0aUKJeO8IU',NULL,NULL,NULL,0),(348,'Kortney Kills Part 1','deepraiya17','PR4CFaAL#iLNClaaesblsteRv4ZI-nOZI8GPwwOOBcSQ81xQssWo',NULL,NULL,NULL,0),(349,'Lesbian','deepraiya17','7IpXAC5K#brkeAN-SpaoPPUJs7dsf-OGl646Mw3QDZ_s1mNIEmkU',NULL,NULL,NULL,0),(350,'Big Breast Nurse','deepraiya17','rVg2waQL#yn2FteX0_BMCKwywX7K7kHY0RcB6-djlhgW7q059BsM',NULL,NULL,NULL,0),(351,'Invading My Privacy','deepraiya17','uB5SEaRB#ONhKZILgkbvg0unTUtl2TFNj8gSGOzqaH3eo-KRYpqo',NULL,NULL,NULL,0),(352,'Penthouse','deepraiya17','GQ5m1ACS#AesbQtL--l9YvuJopyrzRVqcKMjFvwtJ6lXUwyp7Ou0',NULL,NULL,NULL,0),(353,'Squirt Instructor','deepraiya17','PFgQyQja#1eEhSTCG7IkwV9EC7QB_9MirbMcrbKX70OrX7vFDpN8',NULL,NULL,NULL,0),(354,'Cross Training','deepraiya17','XJx2Ra7Z#k-zrxuGGVE_FUFgY2tUGUDHF3fxEC6ZfIVVbcsydrEQ',NULL,NULL,NULL,0),(355,'Want An Anal Quicky','deepraiya17','aExkEKba#eTIlFadD0XVYD4FsgEdGPyj0jRxAPCo9Hph-Zpt8S7s',NULL,NULL,NULL,0),(356,'What To Do With My Stepson','deepraiya17','HE4AkSrD#mECQ9X_ewaqR4uipvlDZQtRpqe-8KiObM7hLGFJs-Vo',NULL,NULL,NULL,0),(357,'For Your Attension','deepraiya17','KJpymKzD#hQlxlMeY36hmQOcS9ALsErjC-WFTr2UJyMQBs00jvWE',NULL,NULL,NULL,0),(358,'Pro Gamer Buys House','deepraiya17','nRhiDY4D#mPMOSA7ENsfgdSTwikkQGJECTPBo5Zyb8-YSqYpHeEQ',78,'6.21',NULL,1),(359,'Welcome Home','deepraiya17','bZwmgCKQ#1TNarQwjPpaspt6aKhSSx7e1tl3Rr91ADVTDemHBnpI',NULL,NULL,NULL,0),(360,'Beautyful Babe Sex','deepraiya17','LR5CzSpT#KIfX0grxRQfClpHdoIPAd6TOfAebyqwOFEoXUy5WBBQ',NULL,NULL,NULL,0),(361,'Big Booty Anal Hottie','deepraiya17','nAwwDYoR#phBtKOuOIO0IgMcBaTWhijsWVpnYLb9uxEsSg4lVAuQ',NULL,NULL,NULL,0),(362,'Fucked By Plumber','deepraiya17','CAgEDYpR#GznAb0M8wLdtaIHMf_FY3mirO6dDu47bflAn7nGgVP8',NULL,NULL,NULL,0),(363,'Stepmoms Blowjob Is Better Than Any Alarm Clock','deepraiya17','eN4ETQDY#TA6L7BSf7HmOQDpkDdPXjTrPQOlBjRtdj7d_nmTqLlA',NULL,NULL,NULL,0),(364,'Gold','deepraiya17','LNA1CK7J#_dLPZuUVL88pVo7IS6Q2sbayqNZ_KNU_tGwymw7iwOE',NULL,NULL,NULL,0),(365,'Needs Dick 4','deepraiya17','2UBnTa6Q#Rp8xiO6REoKkDjmZzxrBIrgnH1inrWuRtf4UdaSS8Vg',NULL,NULL,NULL,0),(366,'Russian Class Is Hot','deepraiya17','2UBnTa6Q#Rp8xiO6REoKkDjmZzxrBIrgnH1inrWuRtf4UdaSS8Vg',NULL,NULL,NULL,0),(367,'Babe BigTits ','deepraiya17','XBBHTCpR#RxzhM6S5hIcZXWQTE74qwtb5DdkmzgOLfSNRVQ2GpuY',NULL,NULL,NULL,0),(368,'Babe','deepraiya17','nJYBnYiA#AgCu1Z6Snym_8cXq-Y81shvLrcyn3fg9DWuR83muvtU',NULL,NULL,NULL,0),(369,'Big Tits ','deepraiya17','OJZnzAjA#e55oPLZdMEwDs7L32QmILuC8x3bvGPke8cwjYMATgTo',NULL,NULL,NULL,0),(370,'First Day At Office Get Fucked By Boss','deepraiya17','3ZZzSK6S#kIToR6eWcaAN_DcWkUejDTsY2YR_lPMxIPj4R8-vJVI',NULL,NULL,NULL,0),(371,'Lesbian With Nancy A ','deepraiya17','vJZz2AgD#RF4fvaZxD2U_LyexUzDy8GBmTeq7EiCCPwljwAos03g',NULL,NULL,NULL,0),(372,'Lets Fuck','deepraiya17','nBBnUCqI#8tgpudMXNaggR-I62WUcW_2zk7BSSvGwkZ3V4EQ4n0Y',NULL,NULL,NULL,0),(373,'Dirty Wives Club Vol 36','rasila.raiya.1','FIpkVDia#7jvlFGbIXC0N_QXX4lDlEBuveqf4gM0s9VrtlOjfXUU',NULL,NULL,NULL,0),(374,'Big Booty Creampie Cutie','rasila.raiya.1','EMpClZjS#tYFLqhOdpCaZL7HQ13gByVeC9wEhXRPIEn-o_54oQdc',NULL,NULL,NULL,0),(375,'Pretty Tits Bouncing Butts','rasila.raiya.1','oI4UmTxY#WPJNBySgqpGnz4NqUsq5E--kgrPg9uNsKA02luyLG2I',NULL,NULL,NULL,0),(376,'Dripping Wet','deepraiya17','jN5ElSAK#RDWjGxHCiJb2KJv-B4Aas2PPDrE2P7JKjJRltM3mWJQ',NULL,'0',NULL,0),(377,'Anal','deepraiya17','XY5ymYII#A-o-YZFAGlL6WvK5Bgbbr3xBAH0ekMpTiwzZ7ROh4bU',NULL,NULL,NULL,0),(378,'Fucked By Hubby In The Bedroom','deepraiya17','XZoyGA7B#O5LFDOGyiQZMYVjO1SO17HDBI-EjLUYMawsSuftKfFU',NULL,NULL,NULL,0),(379,'Curv Appeal 4','deepraiya17','TQhGVCYJ#rhdgDP2IMXvb990OWXNdpc-GQ5d1p6LJQhBCcyF98PE',NULL,NULL,NULL,0),(380,'Seduction So Sweet','deepraiya17','rVhymCZA#ESTedmgG8EtchAIoZBimiH9qYTVM4c8Qah2X_6nIVYM',NULL,NULL,NULL,0),(381,'Curvy Spanish Girl','deepraiya17','2UwSDYjY#Q19eS7MkE9cai8Kdp6lo-PHgoDWGWMCnz_Q2WZQ9-ok',NULL,NULL,NULL,0),(382,'Swaloowed','deepraiya17','XZwAAS6Q#xUbYgSWJrK_nsnlYLPt6JdwNhrBfSlN5A89v_huEbcM',NULL,NULL,NULL,0),(383,'Mother And Stepson','rasila.raiya.1','kRgRgKJL#rgiZEZGRf2-5mWWvlJaWIL54uDXYRkaBFhovAKczceI',NULL,NULL,NULL,0),(384,'Casting Milf','rasila.raiya.1','lApDzICY#tGcbu0yp1ZuqZUsvSsP7u3blgOliFAZ7Pg1cq7z5ppY',NULL,NULL,NULL,0),(385,'Big Cock Bully 9','rasila.raiya.1','Ed4nTC5B#tnXk3ubO2HcqlPIDp1T7zvbeoM-719BWtGxzm4ydTLc',NULL,NULL,NULL,0),(386,'My Friends Hot Mom Vol 95','rasila.raiya.1','hdwFXSJS#w7uBJg1yL0kEgOqbaMDjUuE74IdlEzmFJfXNqPhKjOc',NULL,NULL,NULL,0),(387,'Artporn Bootycall','rasila.raiya.1','lBwz3IjB#HG-kZUDKnd7Hp3OLJUrAHXR-A37O3hDW61RSjTQNyhk',NULL,NULL,NULL,0),(388,'Caught By Stepmom Masterbating','rasila.raiya.1','EF4ziILD#xl6LNOMutoodafGaxBjFtJ1DuiPkmwHepRjyUHUga9A',NULL,NULL,NULL,0),(389,'Crazy Fucking Milf Maids','rasila.raiya.1','AconkK7A#TjGqfoimog0qb-pNTqjkct3ayqx0cChEq0nazTkwXsQ',NULL,NULL,NULL,0),(390,'Hot Mylf For His Birthday','rasila.raiya.1','lZp3FSra#W0tbwK4y58PyDkmeDND6agYYk-3c7W5PtOhXcgM4LHg',NULL,NULL,NULL,0),(391,'Mother Exchange','rasila.raiya.1','kBpBEKKK#SB5NNka-ymkvNoUnTunVwyZz2z6yBbadRvBtARTNP5Y',NULL,NULL,NULL,0),(392,'Some Quality Family Time','rasila.raiya.1','dNoTACba#4uVAomBkAc--pMNBSDU2AYgBJ4aAX5-8sBLg2eiJKBM',NULL,NULL,NULL,0),(393,'Top Milf Hooks','rasila.raiya.1','8dgVyaKQ#IyfADV0VczMdsqXDHPi3F5PW_4NK6T8u7LgNpV62l8Y',NULL,NULL,NULL,0),(394,'Put Down The Phone And Fuck Me','rasila.raiya.1','xdgywBTa#wDmbT9lqY_vl7Jhe91cI_XyEjaSJ21riPzdPy-Bbk8U',NULL,NULL,NULL,0),(395,'Morning Glow','rasila.raiya.1','gIgmGZCI#lp3wEf1Q5jpwZv_IdWfTQb2Ilc7U-5HkImofGW_tfK0',NULL,NULL,NULL,0),(396,'Time With Me','rasila.raiya.1','dUwWzLwD#Q1foKzlsawTdaHq4B5LwulUNQXf1ZImdXlWBzWa4DrE',NULL,NULL,NULL,0),(397,'Up My Skirt','rasila.raiya.1','1MoCVZAD#5iMFt5qQmCulJUlSKaTmAaX8XRUflk0POQjrXFw4VcA',NULL,NULL,NULL,0),(398,'Babe Plowed In Hotel Room','rasila.raiya.1','NBpgjJqS#dLK-M7V59omE48PQf3wLJWoIZ4jq5OekZHh1wQmOBSg',NULL,NULL,NULL,0),(399,'Big Tits','rasila.raiya.1','tJwQ2DxZ#RK06OTOgON5RiZVJpc5v-D_mFosTd0HrVtCriMsW0Nc',NULL,NULL,NULL,0),(400,'There Is No Resisting','rasila.raiya.1','lJwEnLIR#LbZc4L4H_7LgaGErUA7FBSjqrfwxcw2AWShgqCHLSBg',NULL,NULL,NULL,0),(401,'While You Watch','rasila.raiya.1','5N4UyZZY#_woEDzsYUVgYpIWqcIMTMELJqjvZEn_2vARtMvecHn4',NULL,NULL,NULL,0),(402,'Wedlocked','deepraiya17','rYp0ya6L#Yc_frVGSPz5WQ94xBi1tHRWSEmZw4sWCOrqrgXlqQj0',NULL,NULL,NULL,0),(403,'Secrets of an Actress','deepraiya17','mMwkyAjK#SEAMZbNy3cmYAgX0fIne7yHZQAS6HP5BLAcdkp-Arms',NULL,NULL,NULL,0),(404,'Anal','deepraiya17','rJJjjAQC#UKxh7JktmRxmVJ-0yZ1H1osisFPpVG99c0kS9yr8dWo',NULL,NULL,NULL,0),(405,'Sexy Student Goes Wild During Work Session','deepraiya17','3J521IAB#shCJHAPCktHzL7D1_B7_Ot-dJiaEZQkzUTTsnTY1mk0',NULL,NULL,NULL,0),(406,'Hot Chicks Give a Double Blowjob','deepraiya17','WB5mXAZT#kOEAT-VSVH9i9XQ-MawNu5JE2tY968S4_WyAgBnvaRY',NULL,NULL,NULL,0),(407,'One Last Time','deepraiya17','bZpmAQ6K#wQdLcnINqu1PfTSO_5Ftr4SeBIRnIjiv-scF-wqh1_Q',NULL,NULL,NULL,0),(408,'Spanish Painter Wets His Brush in Model','deepraiya17','WVpSAICA#Q7oGz5ilNFCsSu1nKLeYhgZFhIAVZ-kMtB5B9evOvjc',NULL,NULL,NULL,0),(409,'Teen','deepraiya17','nJoAWYbQ#Xv7WixVOgySekCj5bRk91f-8XBPn1NhV0MyWi4VQMxI',NULL,NULL,NULL,0),(410,'Three Some','deepraiya17','mMAVGKqS#ug4mFit4m1mA3c9JSEs0_Jf3U3AXKzXaPGqBhEVTJGA',NULL,NULL,NULL,0),(411,'I Have A Wife Vol 58','rasila.raiya.1','NAgC2LLJ#bJ2IMaTrQ9XEVJqfLd0dy5uxqK3IPQxStmDdnT3UWzM',NULL,NULL,NULL,0),(412,'Busty Milf Get Fucked','rasila.raiya.1','VcxGHbjY#ebLHPPRWSANFjHD_-ukIMWmh9KXIfsLOfF0xO03kSKU',NULL,NULL,NULL,0),(413,'Fill Me With Your Love ','deepraiya17','nZh2kC5b#C8pzhGcZmBgn6gwWlCd1CpkO2478b6OtEUrjvEGjrLE',NULL,NULL,NULL,0),(414,'Roleplay','deepraiya17','ScowGQ7A#j6Vt2pH5x2ahVLHj3-jv6EcLaPxYAT5dYMfvJOs4o0c',NULL,NULL,NULL,0),(415,'Step Siblings Caught The Sleeper','deepraiya17','vEgmRAgR#kijIlm4jq9tAsgV1YgmrhDvvxNstJMVMrcuX3o0IbmI',NULL,NULL,NULL,0),(416,'Young Blonde Wife','deepraiya17','XMw2ACLR#J23fN9QsmEiYvRJd30a5FpKRy14WrGRF7xKupy5TT9k',NULL,NULL,NULL,0),(417,'Bretty Sis So Wrong Its Right','deepraiya17','zVhw1Cya#SYz-HBk5AYmmq9kxEebhGpKkhtWaijhlV8oTNQEJ6Ac',NULL,NULL,NULL,0),(418,'Choke Me Hard','deepraiya17','7QoSjYBB#gA8UbJ4gIKBLkhUWB5LdXY3ZQBSIZhQU4sG6MypyqMA',NULL,NULL,NULL,0),(419,'Study Partner','deepraiya17','mQhCQITR#6tSHVDmH5nh3QdlcCxkGEmZb1-0bfL_rUOiCLQAvmxg',NULL,NULL,NULL,0),(420,'The Squirt','deepraiya17','yd5GyYwa#oXnR5IreXkZybL7qU0dRG9yWXpRkM6xeOsdlC1fs7_k',NULL,NULL,NULL,0),(421,'Her Limit Ass Wide Open 6m','deepraiya17','3QpmGI5B#XkIwsmL3jlGQMnTuoUIPLyfUO7a7pHX1e4u8C8l8q9Q',NULL,NULL,NULL,0),(422,'Enjoys Anal With Her Best Friends Husband','deepraiya17','vYo2VAxA#ohM1HUmzrBqe-eel5j3UXhbOb9cSMlVkqwnjfodzkmk',NULL,NULL,NULL,0),(423,'Maid On Duty','deepraiya17','CF5kkCjZ#6TQngrdgNQ5xOsnEfUJjh1LoRoPpr9ozCvKtJ8ZMeBA',NULL,NULL,NULL,0),(424,'Massage','deepraiya17','7MIzXCAa#oBnuIiPRC68v8Uk8Mqg2Ikm5CEI3s9G2aDaKUy52Mk0',NULL,NULL,NULL,0),(425,'Game On','deepraiya17','GUpGSa6Y#IMLyObTRLJehMfNqPqFavPwDhls-RjrTLpE21Cyjwo4',NULL,NULL,NULL,0),(426,'Immoral Live 5 52','deepraiya17','3BhkzCJD#tVuzSqZ-7Cdfupoeuk5SRpwk24ZFgbNIHqSeS59lfxw',NULL,NULL,NULL,0),(427,'No Holding Back','deepraiya17','rRo0lYKb#LugiDVtQXJjMbN0Hfn9qxIDox9TP6CzJyclDjmw2qzQ',NULL,NULL,NULL,0),(428,'Personal Pleasure','deepraiya17','HNhSDapD#LcjS9RKLf7SSXOfCBlNml5EKDJdPn65uDnwxkwz1NcE',NULL,NULL,NULL,0),(429,'At Home Alone','deepraiya17','WFpWTYqY#kMDgscbTCot1OKJOqClN1GrNrsey8Fyn-zt9YwNM6NI',NULL,NULL,NULL,0),(430,'Solo','deepraiya17','vZwGlI5D#Ho3FeQ-ld8r69JxP50hmj230KPHryya52NE0feXcnuk',NULL,NULL,NULL,0),(431,'Divorce So Sweet','deepraiya17','idAlySZC#MuDzdZasXexedP2J-f9EwwfGhHeQJi9oEpTOf1uxN_Y',NULL,NULL,NULL,0),(432,'Influence Part 3','deepraiya17','zYYWTZYb#NTiOWbnWgLZYUVaaiEjpkM7Ta1LGvLY3wnxeRU8NcF8',NULL,NULL,NULL,0);
/*!40000 ALTER TABLE `videos` ENABLE KEYS */;
UNLOCK TABLES;
/*!40103 SET TIME_ZONE=@OLD_TIME_ZONE */;

/*!40101 SET SQL_MODE=@OLD_SQL_MODE */;
/*!40014 SET FOREIGN_KEY_CHECKS=@OLD_FOREIGN_KEY_CHECKS */;
/*!40014 SET UNIQUE_CHECKS=@OLD_UNIQUE_CHECKS */;
/*!40101 SET CHARACTER_SET_CLIENT=@OLD_CHARACTER_SET_CLIENT */;
/*!40101 SET CHARACTER_SET_RESULTS=@OLD_CHARACTER_SET_RESULTS */;
/*!40101 SET COLLATION_CONNECTION=@OLD_COLLATION_CONNECTION */;
/*!40111 SET SQL_NOTES=@OLD_SQL_NOTES */;

-- Dump completed on 2021-10-25  9:45:34
